"1","AIX Specialty Insurance Company","12833"
"2","Accident Fund Insurance Company","10166"
"3","Allianz Underwriters Insurance Company","36420"
"4","Allstate Insurance Company","19232"
"5","AmGUARD Insurance Company","42390"
"6","AmTrust Insurance Company of KS, Inc.","15954"
"7","AmTrust International Underwriters Limited","AA1780074"
"8","AmTrust North America","25011"
"9","American Automobile Insurance Company","21849"
"10","American Contractors Indemnity Company","10216"
"11","Arch Specialty Insurance Company","21199"
"12","Associated Industries Insurance Company","23140"
"13","Atlantic Specialty Insurance Company","27154"
"14","Benchmark Insurance Group","41394"
"15","Berkshire Hathaway Guard Insurance Company","31470"
"16","Berkshire Hathaway Homes Insurance Company","20044"
"17","Bryant Surety Bonds, Inc.","26379"
"18","Certain Underwriters at Lloyds London","AA-1122000"
"19","Cimarron Insurance Company","20400"
"20","Clear Blue Insurance Company","28860"
"21","Commerce & Industry Insurance Company","19410"
"22","Covington Specialty Insurance Company","13027"
"23","Evanston Insurance Company","35378"
"24","Golden Insurance Company, RRG","11145"
"25","Great American Insurance Company","16691"
"26","Guard Insurance Group","42390"
"27","Hiscox Insurance Company Inc.","10200"
"28","Houston Casualty Company","42374"
"29","Hudson Insurance Company","25054"
"30","Indemnity Insurance Company","18058"
"31","Integon Indemnity Corporation","22772"
"32","Interstate Fire & Casualty Company","22829"
"33","Ironshore Specialty Insurance Company","25445"
"34","James River Insurance Company","12203"
"35","Kinsale Insurance Company","38920"
"36","Liberty Mutual Insurance","23043"
"37","Lion Insurance Company","11075"
"38","Mercury Insurance Company","27553"
"39","Mt. Hawley Insurance Company","37974"
"40","NOVA Casualty Company","42552"
"41","National General Insurance Company","23728"
"42","National Liability & Fire Insurance Company","20052"
"43","National Union Fire Insurance Company of Pittsburgh, PA","19445"
"44","Navigators Insurance Company","42307"
"45","NorGUARD Insurance Company","31470"
"47","Pennsylvania Manufacturers Assoc Ins Co","12262"
"48","Philadelphia Indemnity Insurance Company","18058"
"49","Preferred Contractors Insurance Company","12497"
"50","Progressive County Mutual Insurance","29203"
"51","Republic-Vanguard Insurance Co","40479"
"52","Risk Specialists Companies","524114"
"53","Rockingham Insurance Company","10214"
"54","Sentinel Insurance Company, Limited","11000"
"55","SUNZ Company Insurance","34762"
"56","Scottsdale Insurance Company","41297"
"57","Security National Insurance Company","19879"
"58","Starr Surplus Lines Insurance Company","13604"
"59","Starstone Specialty Insurance Company","44776"
"60","State National Insurance Company Inc.","12831"
"61","Technology Insurance Company","39071"
"62","Texas Mutual Insurance Co","22945"
"63","Travelers Casualty Insurance Company of America","19046"
"64","Trisura Specialty Insurance Company","16188"
"65","U.S. Specialty Insurance Company","29599"
"66","United Financial Casualty Co.","11770"
"67","United Specialty Insurance Company","12537"
"68","United States Fire Insurance Company","21113"
"69","United States Liability Insurance Comp","25895"
"70","United Wisconsin Insurance Company","29157"
"71","Utica First Insurance Company","15326"
"72","Wesco Insurance Company","25011"
"73","Western Surety Company","13188"
"74","Zurich Insurance Company","16535"
"75","Clear Spring Property and Casualty","15563"
"76","Contractors Bonding and Insurance Co","37206"
"77","Metropolitan Property and Casualty Insurance Company","12833"
"79","Atrium Risk Management Services","00000"
"80","BlackBoard Insurance Company","26611"
"81","Mesa Underwriters Specialty Insurance Company","36838"
"83","Frank Winston Crum Insurance Company","11600"
"84","American Zurich Insurance Company","40142"
"85","Liberty Surplus Insurance Corporation","10725"
"86","Everest National Insurance Company","10120"
"87","Hartford Casualty Insurance Company","12833"
"88","Westchester Surplus Lines Insurance Co.","10172"
"89","State Compensation Insurance Fund","35076"
"90","Century Insurance Group","12963"
"91","Century Surety Company","36951"
"93","Metropolitan Casualty Insurance Company","40169"
"94","Third Coast Insurance Company","10703"
"95","Peleus Insurance Company","34118"
"96","Gemini Insurance Company","10833"
"97","Continental Casualty Company","20443"
"98","The Gray Casualty & Surety Company","10671"
"99","Allied World Surplus Lines Insurance Company","24319"
"100","Milford Casualty Insurance Company","26662"
"101","United National Insurance Company","13064"
"102","Hartford Insurance Company of the Midwest","37478"
"103","Sirius America Insurance Company","38776"
"104","NEXT Insurance US Company","16285"
"105","National Specialty Insurance Company","22608"
"106","SouthEast Personnel Leasing Inc.","561320"
"107","Ohio Security Insurance Company","24082"
"108","Northfield Insurance Company","27987"
"109","Crum & Forster Specialty Insurance Company","44520"
"110","ACE Property and Casualty Insurance Company","20699"
"111","Infinity County Mutual Insurance Company","22268"
"112","Rockingham Specialty, Inc","16650"
"113","Hartford Fire Insurance Company","19682"
"114","Illinois Union Insurance Company","27960"
"115","Rockingham Casualty Company","42595"
"116","Infinity Auto Insurance Company","11738"
"117","Spinnaker Insurance Company","24376"
"118","PENN-STAR Insurance Company","10673"
"119","Integon Preferred Insurance Company","31488"
"120","Benchmark Insurance Company","41394"
"121","biBERK Business Insurance","524298"
"122","Obsidian Specialty Insurance Company","16871"
"123","Admiral Insurance Company","24856"
"124","The North River Insurance Company","21105"
"125","Old Republic Surety Company","24147"
"126","Sutton National Insurance Company","25798"
"127","Nationwide Mutual Insurance Company","23787"
"128","Underwriters Lloyd's of London","32727"
"130","Concert Specialty Insurance Company","17151"
"131","Knight Specialty Insurance Company","15366"
"132","Merchants Bonding Company (Mutual)","14494"
"133","American Builders Insurance Company RRG, Inc.","12631"
"134","Endurance American Specialty Insurance Company","41718"
"135","Burlington Insurance Company","23620"
"137","Accident Fund General Insurance Company","12304"
"138","Hamilton Select Insurance Inc","17178"
"139","Nautilus Insurance Company","17370"
"140","Wellfleet New York Insurance Company","20931"
"141","Topa Insurance Company","18031"
"142","AIG Specialty Insurance Company","26883"
"143","Western World Insurance Company","13196"
"144","Berkshire Hathaway Direct Insurance Company","10391"
"145","Progressive Northern Insurance Co","38628"
"146","Texas Bonding Company","0"
"147","CCI Surety","524"
"148","Arch Insurance Company","11150"
"149","Sutton Specialty Insurance Company","16848"
"150","Great American Alliance Insurance Company","26832"
"151","Infinity Select Insurance Company","20260"
"152","Colony Insurance Company","39993"
"153","Clear Blue Specialty Insurance Company","37745"
"154","SolePro","123"
"155","Integon National Insurance Company","29742"
"156","Gotham Insurance Company","25569"
"157","Ategrity Specialty Insurance Company","16427"
"158","StarStone National Insurance Company","25496"
"159","The Pie Insurance Company","22981"
"160","Richmond National Insurance Company","17103"
"161","Travelers Casualty and Surety Company of America","31194"
"162","Benchmark Specialty Insurance Company","17180"
"163","Scottsdale Surplus Lines Insurance Company","10672"
"165","AmTrust Insurance Company","15954"
"166","Markel American Insurance Company","28932"
"167","Employers Preferred Insurance Company","10346"
"168","SiriusPoint America Insurance Company","38776"
"169","Wellfleet Insurance Company","32280"
"170","Verus Specialty Insurance","524126"
"171","Scottsdale Indemnity Company","15580"
"173","Pinnacol Assurance","524210"
"174","Kemper Auto Commercial","26050"
"175","American Interstate Insurance Company","0"
"176","State Farm Fire and Casualty Company","25143"
"177","The Pie Insurance Company","21857"
"178","Progressive Insurance Company","10194"
"179","Westchester Environmental","10172"
"180","Plate River Insurance Company","18619"
"181","Accredited Specialty Insurance Company","16835"
"182","Palomar Excess and Surplus Insurance Co","16754"
"183","American Casualty","20427"
"184","American Casualty Company of Reading, Pennsylvania","20427"
"185","Upland Specialty Insurance Company","16988"
"186","AmTrust E&S Insurance Services, Inc.","25011"
"187","National Fire Insurance Company of Hartford","20478"
"188","Atlantic Casualty Insurance Company","42846"
"189","Accredited Surety and Casualty Company, Inc.","26379"
"190","Progressive Southeastern Insurance Company","38784"
"191","RPS","RPS"
"192","Continental Insurance Company","35289"
"193","Key Risk Insurance Company","37044"
"194","Accident Insurance Company","Accident I"
"195","Accident Insurance Company","11573"
"196","Capitol Indemnity Corporation","10742"
